rank_a,rank_b
20.0,20.0
4.3,5.55
6.366854961852292,7.029823685742878
1.0,1.0
1.0,1.0
2.0,2.5
4.0,6.5
28.0,26.0
